Date,Open,High,Low,Close,Adj Close,Volume
9/20/2021,15259.5,15262.75977,15019.49023,15132.05957,15132.05957,96690100
9/21/2021,15265.03027,15394.33008,15205.7002,15348.53027,15348.53027,61546200
9/22/2021,15463.24023,15508.41992,15378.92969,15506.74023,15506.74023,54135200
9/23/2021,15630.00977,15695.65039,15593.71973,15643.96973,15643.96973,54651300
9/24/2021,15562.13965,15573.45996,15497.16992,15531.75,15531.75,49967000
9/27/2021,15699.00977,15704.04981,15552.08984,15573.87988,15573.87988,59034800
9/28/2021,15542.03027,15542.41016,15232.96973,15248.55957,15248.55957,75174800
9/29/2021,15357,15422.75,15301.34961,15365.26953,15365.26953,56303700
9/30/2021,15434.33008,15448.51953,15246,15260.69043,15260.69043,74664500
10/1/2021,15041.59961,15262.75,14983.79981,15156.44043,15156.44043,66029600
10/4/2021,15061.86035,15175.25,15016.92969,15036.54981,15036.54981,52650700
10/5/2021,15055.40039,15202.2002,15011.44043,15194.49023,15194.49023,60532800
10/6/2021,15040.09961,15049.49023,14818.70996,14973.33008,14973.33008,96189400
10/7/2021,15162.75,15253.29004,15116.46973,15250.86035,15250.86035,76332700
10/8/2021,15242.75977,15267.91992,15184.75977,15206.12988,15206.12988,59531300
10/11/2021,15115.45996,15202.74023,15094.44043,15199.13965,15199.13965,75309100
10/12/2021,15025.34961,15174.29004,15012.07031,15146.87012,15146.87012,60955500
10/13/2021,15130.79981,15302.42969,15109.61035,15249.37988,15249.37988,69662700
10/14/2021,15350.71973,15464.37988,15303.38965,15462.71973,15462.71973,60002700
10/15/2021,15481.21973,15598.58008,15465.92969,15587.36035,15587.36035,73666300
10/18/2021,15518.58984,15542.16992,15416.01953,15474.46973,15474.46973,49463100
10/19/2021,15510.99023,15527.96973,15457.42969,15515.83008,15515.83008,49579400
10/20/2021,15473.55957,15567.07031,15465.03027,15522.91992,15522.91992,54739200
10/21/2021,15408.79981,15532.94043,15406.58984,15472.55957,15472.55957,54649400
10/22/2021,15507.99023,15614.75977,15492.29004,15542.98047,15542.98047,49948500
10/25/2021,15580.58008,15618.87988,15531.9502,15599.23047,15599.23047,51296300
10/26/2021,15652.91016,15781,15650.34961,15757.05957,15757.05957,56055900
10/27/2021,15725.40039,15744.79004,15671.58984,15705.80957,15705.80957,73429300
10/28/2021,15681.51953,15706.38965,15629.33008,15696.33008,15696.33008,78877800
10/29/2021,15579.90039,15689.66016,15495.50977,15688.76953,15688.76953,80569400
11/1/2021,15764.54981,15849.40039,15760.34961,15806.29004,15806.29004,49160900
11/2/2021,15825.26953,15960.20996,15824.11035,15954.4502,15954.4502,60596100
11/3/2021,15957.15039,15972.70996,15922.09961,15959.98047,15959.98047,74344600
11/4/2021,16035.90039,16064.79004,15997.62988,16029.65039,16029.65039,76262400
11/5/2021,16011.57031,16084.90039,16008.40039,16054.36035,16054.36035,75298200
11/8/2021,16040.84961,16068.73047,16016.2002,16046.51953,16046.51953,48903600
11/9/2021,16026.74023,16104.12988,16022.63965,16040.46973,16040.46973,61428000
11/10/2021,16053,16076.55957,15985.90039,16067.83008,16067.83008,62124400
11/11/2021,16067.33984,16114.54981,16032.5,16083.11035,16083.11035,56626200
11/12/2021,16100.08008,16122.75977,16065.05957,16094.07031,16094.07031,60302900
11/15/2021,16109.41016,16149.87012,16072.29004,16148.63965,16148.63965,53296600
11/16/2021,16174.30957,16266.25977,16157.58008,16247.86035,16247.86035,56783300
11/17/2021,16248.32031,16283.51953,16240.50977,16251.12988,16251.12988,54131500
11/18/2021,16262.29004,16290.19043,16193.33984,16221.73047,16221.73047,57887500
11/19/2021,16269.21973,16282.87012,16092.62988,16159.96973,16159.96973,105496400
11/22/2021,16188.54004,16202.76953,16090.54004,16115.69043,16115.69043,65473700
11/23/2021,15987.2002,16054.37988,15866.00977,15937,15937,91000000
11/24/2021,15942.28027,15974.29981,15740.59961,15878.38965,15878.38965,87886600
11/25/2021,15928.37988,15962.54004,15865.41016,15917.98047,15917.98047,57275800
11/26/2021,15383.90039,15540.29004,15244.45996,15257.04004,15257.04004,133308100
11/29/2021,15418.28027,15441.91016,15237.87012,15280.86035,15280.86035,95660000
11/30/2021,15117.62988,15280.04004,15015.41992,15100.12988,15100.12988,152644300
12/1/2021,15233.37012,15509.45996,15187.08984,15472.66992,15472.66992,86134400
12/2/2021,15300.73047,15373.51953,15172.90039,15263.11035,15263.11035,93605500
12/3/2021,15422.90039,15422.90039,15101.70996,15169.98047,15169.98047,80653400
12/6/2021,15323.2002,15415.45996,15150.54004,15380.79004,15380.79004,74842900
12/7/2021,15546.7002,15827.94043,15544.79004,15813.94043,15813.94043,86195400
12/8/2021,15781.04981,15834.04004,15683.66992,15687.08984,15687.08984,72088200
12/9/2021,15705.92969,15721.48047,15613.40039,15639.25977,15639.25977,60664300
12/10/2021,15572.69043,15689.5,15550.4502,15623.30957,15623.30957,58755300
12/13/2021,15653.57031,15794.30957,15591.62012,15621.71973,15621.71973,56995000
12/14/2021,15680.34961,15697.98047,15448.4502,15453.55957,15453.55957,62436700
12/15/2021,15503.63965,15531.04004,15451.74023,15476.34961,15476.34961,54560500
12/16/2021,15708.94043,15780.92969,15621.57031,15636.40039,15636.40039,87304300
12/17/2021,15599.75,15609.50977,15419.54981,15531.69043,15531.69043,140842600
12/20/2021,15152.55957,15296.08008,15060.09961,15239.66992,15239.66992,69118800
12/21/2021,15379.08008,15452.41992,15305.61035,15447.44043,15447.44043,53329700
12/22/2021,15474.83984,15593.46973,15425.16016,15593.46973,15593.46973,42996600
12/23/2021,15660.78027,15768.4502,15622.59961,15756.30957,15756.30957,43253900
12/27/2021,15705.53027,15854.62012,15697.44043,15835.25,15835.25,28899600
12/28/2021,15839.19043,15974.79004,15832.95996,15963.7002,15963.7002,34021000
12/29/2021,15952.46973,15955.03027,15803.58984,15852.25,15852.25,34973900
12/30/2021,15837.55957,15890.74023,15834.57031,15884.86035,15884.86035,32456600
1/3/2022,15947.44043,16069.37988,15943.16016,16020.73047,16020.73047,56865800
1/4/2022,16069.79981,16202.58008,16036.51953,16152.61035,16152.61035,75187400
1/5/2022,16177.44043,16285.34961,16161.71973,16271.75,16271.75,68244500
1/6/2022,16076.16016,16156.55957,15988.62988,16052.03027,16052.03027,75756700
1/7/2022,15999.01953,16044.28027,15862.70996,15947.74023,15947.74023,74469300
1/10/2022,16006.44043,16015.33984,15724.23047,15768.26953,15768.26953,82834300
1/11/2022,15918.82031,15979.99023,15880.38965,15941.80957,15941.80957,74622100
1/12/2022,16054.92969,16061.5,15955.54004,16010.32031,16010.32031,69357000
1/13/2022,15959.83008,16090.29004,15941.78027,16031.58984,16031.58984,72976100
1/14/2022,15929.37012,15970.7002,15833.73047,15883.24023,15883.24023,80457700
1/17/2022,15948.90039,15962.7002,15894.76953,15933.71973,15933.71973,46576400
1/18/2022,15839.15039,15843.58008,15669.34961,15772.55957,15772.55957,70557600
1/19/2022,15639.4502,15898.04981,15629.86035,15809.71973,15809.71973,74923900
1/20/2022,15837.24023,15912.33008,15737.33008,15912.33008,15912.33008,62979800
1/21/2022,15694.82031,15728.29004,15456.87012,15603.87988,15603.87988,105899500
1/24/2022,15499.61035,15587.38965,14952.66992,15011.12988,15011.12988,115815500
1/25/2022,15139.07031,15205.75,14979.11035,15123.87012,15123.87012,86066500
1/26/2022,15273.05957,15524.95996,15272.87012,15459.38965,15459.38965,82970700
1/27/2022,15229.98047,15582.4502,15197.53027,15524.26953,15524.26953,105993600
1/28/2022,15411.86035,15416.58984,15122.65039,15318.9502,15318.9502,91381200
1/31/2022,15506.79004,15566.37988,15338.19043,15471.2002,15471.2002,88305600
2/1/2022,15620.55957,15687.95996,15537.04981,15619.38965,15619.38965,74929400
2/2/2022,15689.16016,15736.51953,15604.99023,15613.76953,15613.76953,66319500
2/3/2022,15565.94043,15602.5,15367.16016,15368.46973,15368.46973,104951100
2/4/2022,15410.73047,15423.94043,15060.48047,15099.55957,15099.55957,93799100
2/7/2022,15220.08008,15256.08008,15076.88965,15206.63965,15206.63965,71120600
2/8/2022,15221.7002,15338,15158.79981,15242.37988,15242.37988,80957900
2/9/2022,15356.9502,15513.94043,15351.48047,15482.00977,15482.00977,85342900
2/10/2022,15597.05957,15614.46973,15413.37012,15490.44043,15490.44043,94694700
2/11/2022,15353.86035,15511.33984,15308.69043,15425.12012,15425.12012,100055100
2/14/2022,15065.73047,15150.54004,14844.09961,15113.96973,15113.96973,119705200
2/15/2022,15077.32031,15418.41016,15068.33008,15412.70996,15412.70996,83214500
2/16/2022,15431.26953,15542.83984,15374,15396.07031,15396.07031,31633100
2/17/2022,15404.13965,15440.08008,15206.40039,15267.62988,15267.62988,78678300
2/18/2022,15278.66016,15317.38965,14989.04981,15042.50977,15042.50977,87529800
2/21/2022,15186.62988,15192.46973,14617.66016,14731.12012,14731.12012,78145800
2/22/2022,14365.05957,14782.16016,14357.86035,14693,14693,115316300
2/23/2022,14754.21973,14901.08984,14586.34961,14631.36035,14631.36035,89094500
2/24/2022,13989.41016,14221.70996,13807.28027,14052.09961,14052.09961,219860100
2/25/2022,14230.08984,14567.62012,14027.92969,14567.23047,14567.23047,160377100
2/28/2022,14263.73047,14510.76953,14106.88965,14461.01953,14461.01953,160848700
3/1/2022,14404.21973,14448.61035,13904.84961,13904.84961,13904.84961,145245900
3/2/2022,13836.92969,14114.79004,13707.86035,14000.11035,14000.11035,158825300
3/3/2022,13990.25,14057.15039,13669.09961,13698.40039,13698.40039,118913500
3/4/2022,13485.98047,13562.59961,13094.54004,13094.54004,13094.54004,178566000
3/7/2022,12614.08008,13150.34961,12438.84961,12834.65039,12834.65039,192412700
3/8/2022,12673.88965,13106.78027,12672,12831.50977,12831.50977,172923800
3/9/2022,13215.05957,13847.92969,13199.67969,13847.92969,13847.92969,177828900
3/10/2022,13819.44043,13829.96973,13341.79004,13442.09961,13442.09961,148856700
3/11/2022,13479.69043,13943.96973,13407.96973,13628.11035,13628.11035,130836100
3/14/2022,13827.21973,14082.05957,13815.79981,13929.11035,13929.11035,118949300
3/15/2022,13768.44043,13974.83984,13577.80957,13917.26953,13917.26953,101279000
3/16/2022,14245.76953,14553.09961,14183.25977,14440.74023,14440.74023,138610100
3/17/2022,14500.04981,14509.23047,14243.94043,14388.05957,14388.05957,96870400
3/18/2022,14374.41016,14413.08984,14109.79004,14413.08984,14413.08984,181197700
3/21/2022,14385.82031,14457.29981,14306.25977,14326.96973,14326.96973,69806300
3/22/2022,14365.66992,14508.00977,14343.33984,14473.2002,14473.2002,79554100
3/23/2022,14532.83984,14539.30957,14226.42969,14283.65039,14283.65039,76384100
3/24/2022,14305.79981,14375.82031,14187.82031,14273.79004,14273.79004,77315500
3/25/2022,14332.25977,14428.03027,14247.37988,14305.75977,14305.75977,73042400
3/28/2022,14376,14627.58008,14371.90039,14417.37012,14417.37012,70588000
3/29/2022,14592.74023,14925.25,14553.70996,14820.33008,14820.33008,99659400
3/30/2022,14712.32031,14744.71973,14555.87012,14606.04981,14606.04981,76506500
3/31/2022,14674.83008,14732,14404.03027,14414.75,14414.75,88194400
4/1/2022,14447.78027,14506.01953,14403.08984,14446.48047,14446.48047,72477600
4/4/2022,14503.95996,14535.07031,14334.09961,14518.16016,14518.16016,69362800
4/5/2022,14504.79981,14603.44043,14347.33008,14424.36035,14424.36035,79130600
4/6/2022,14402.16016,14437.91016,14027.17969,14151.69043,14151.69043,104304600
4/7/2022,14187.12988,14315.34961,14069.53027,14078.15039,14078.15039,84791200
4/8/2022,14275.87012,14321.82031,14178.28027,14283.66992,14283.66992,74244800
4/11/2022,14162.96973,14298.01953,14094.83008,14192.78027,14192.78027,69814800
4/12/2022,13956.55957,14180.08984,13887.11035,14124.9502,14124.9502,104676200
4/13/2022,14062.7002,14100.03027,13961.9502,14076.44043,14076.44043,80458200
4/14/2022,14098.48047,14198.78027,14038.29981,14163.84961,14163.84961,87530500
4/19/2022,14057.42969,14199.08984,13991.7002,14153.45996,14153.45996,70608100
4/20/2022,14154.48047,14362.03027,14149.67969,14362.03027,14362.03027,75486900
4/21/2022,14376.04981,14598.11035,14374.58984,14502.41016,14502.41016,78397500
4/22/2022,14320.50977,14372.46973,14142.08984,14142.08984,14142.08984,82415500
4/25/2022,13908.04981,14037.62988,13863.38965,13924.16992,13924.16992,85275400
4/26/2022,14087.08008,14112.83984,13749.67969,13756.40039,13756.40039,98346100
4/27/2022,13760.21973,13849.42969,13566.2002,13793.94043,13793.94043,134621900
4/28/2022,13907.05957,14074.70996,13822.16016,13979.83984,13979.83984,97665400
4/29/2022,14095.92969,14187.01953,14038.54981,14097.87988,14097.87988,102033100
5/2/2022,13996.82031,14036.11035,13778.12988,13939.07031,13939.07031,85974500
5/3/2022,13958.91992,14081.15039,13920.45996,14039.46973,14039.46973,86472700
5/4/2022,14020.90039,14073.20996,13970.62012,13970.82031,13970.82031,71631100
5/5/2022,14282.76953,14315.24023,13857.58008,13902.51953,13902.51953,86031700
5/6/2022,13832.65039,13851.4502,13592.15039,13674.29004,13674.29004,96547800
5/9/2022,13624.91992,13697.90039,13380.66992,13380.66992,13380.66992,82759800
5/10/2022,13550.01953,13719.9502,13514.49023,13534.74023,13534.74023,84927900
5/11/2022,13587.29004,13829.09961,13508.55957,13828.63965,13828.63965,107719800
5/12/2022,13512.12988,13808.08984,13479.36035,13739.63965,13739.63965,110587600
5/13/2022,13837.41992,14034.15039,13795.63965,14027.92969,14027.92969,90805300
5/16/2022,13986.16992,14043.09961,13864.9502,13964.37988,13964.37988,67914800
5/17/2022,14072.66992,14203.08984,14056.98047,14185.94043,14185.94043,71183700
5/18/2022,14197.17969,14226.46973,13999.54004,14007.75977,14007.75977,69356900
5/19/2022,13822.34961,13882.29981,13683.58984,13882.29981,13882.29981,82304500
5/20/2022,13968.25977,14161.32031,13944.16016,13981.91016,13981.91016,83084600
5/23/2022,14179.83984,14217.48047,14026.13965,14175.40039,14175.40039,60577400
5/24/2022,14043.21973,14105.05957,13917.08008,13919.75,13919.75,70956400
5/25/2022,14022.26953,14053.58984,13871.48047,14007.92969,14007.92969,64007200
5/26/2022,14025.44043,14253.61035,14025.44043,14231.29004,14231.29004,57436000
5/27/2022,14289.53027,14463.5,14246.83008,14462.19043,14462.19043,71341500
5/30/2022,14572.79981,14589.4502,14509.58008,14575.98047,14575.98047,54721200
5/31/2022,14513.33984,14547.08984,14359.38965,14388.34961,14388.34961,146716000
6/1/2022,14478.37012,14489,14329.50977,14340.46973,14340.46973,68008900
6/2/2022,14394.36035,14492.78027,14393.04004,14485.16992,14485.16992,50049600
6/3/2022,14585.17969,14589.91016,14443.11035,14460.08984,14460.08984,46395500
6/6/2022,14576.87012,14709.37988,14548.25977,14653.80957,14653.80957,38135700
6/7/2022,14569.29981,14590.69043,14458.33984,14556.62012,14556.62012,51840700
6/8/2022,14595.78027,14602.05957,14378.5,14445.99023,14445.99023,61851500
6/9/2022,14364.58984,14420.73047,14186.92969,14198.79981,14198.79981,64865200
6/10/2022,14110.03027,14121.07031,13749.76953,13761.83008,13761.83008,89335800
6/13/2022,13564.46973,13648.83984,13379.87012,13427.03027,13427.03027,91214200
6/14/2022,13557.44043,13569.92969,13294,13304.38965,13304.38965,78302700
6/15/2022,13480.5,13566.79981,13358.40039,13485.29004,13485.29004,80763200
6/16/2022,13440.42969,13443.32031,13007.91016,13038.49023,13038.49023,104048800
6/17/2022,13092.84961,13237.7002,13020.41992,13126.25977,13126.25977,190391800
6/20/2022,13207.79004,13265.59961,13106.37988,13265.59961,13265.59961,54602700
6/21/2022,13335.15039,13443.76953,13273.2002,13292.40039,13292.40039,64763900
6/22/2022,13062.25977,13206.11035,12965.69043,13144.28027,13144.28027,76135600
6/23/2022,13082.62012,13120.30957,12912.58984,12912.58984,12912.58984,99254200
6/24/2022,12949.87012,13160.70996,12904.86035,13118.12988,13118.12988,95705800
6/27/2022,13217.90039,13378.41992,13126.86035,13186.07031,13186.07031,69024800
6/28/2022,13264.62012,13358.62012,13221.04004,13231.82031,13231.82031,61092900
6/29/2022,13089.99023,13132.36035,12946.75977,13003.34961,13003.34961,70350700
6/30/2022,12795.21973,12811.42969,12618.67969,12783.76953,12783.76953,114222900
7/1/2022,12627.66016,12894.37988,12623.23047,12813.03027,12813.03027,80285900
7/4/2022,12904.08984,12919.7002,12741.62988,12773.37988,12773.37988,52500200
7/5/2022,12851.29004,12870.24023,12390.9502,12401.2002,12401.2002,90489700
7/6/2022,12587.54981,12668.67969,12509.21973,12594.51953,12594.51953,78681400
7/7/2022,12757.62988,12867.70996,12693.65039,12843.21973,12843.21973,79392500
7/8/2022,12814.09961,13019.12988,12766.79981,13015.23047,13015.23047,75193100
7/11/2022,12783.08984,12934.87012,12774.23047,12832.44043,12832.44043,55461200
7/12/2022,12751.29981,12905.48047,12655.05957,12905.48047,12905.48047,65198400
7/13/2022,12800.87012,12851.90039,12625.21973,12756.32031,12756.32031,63030200
7/14/2022,12759.29004,12788.00977,12434.29004,12519.66016,12519.66016,72613000
7/15/2022,12562.15039,12875.66992,12532.94043,12864.71973,12864.71973,77498400
7/18/2022,12935.04981,13062.23047,12913.69043,12959.80957,12959.80957,61274100
7/19/2022,12884.83008,13351.2002,12827.88965,13308.41016,13308.41016,73418300
7/20/2022,13356.66992,13399.40039,13129.12988,13281.98047,13281.98047,75183800
7/21/2022,13261.82031,13318.63965,13097.75,13246.63965,13246.63965,87886300
7/22/2022,13179.55957,13367.04004,13171.13965,13253.67969,13253.67969,76076400
7/25/2022,13183.24023,13337.05957,13151.86035,13210.32031,13210.32031,56561100
7/26/2022,13181.91992,13197.9502,13042.41016,13096.92969,13096.92969,58207700
7/27/2022,13158.63965,13204.58008,13089.95996,13166.37988,13166.37988,79894900
7/28/2022,13214.41016,13289.38965,13091.25977,13282.11035,13282.11035,74308800
7/29/2022,13353.28027,13515.03027,13340.58984,13484.04981,13484.04981,82631600
8/1/2022,13471.2002,13570.21973,13464.90039,13479.62988,13479.62988,57227900
8/2/2022,13419.19043,13484.54981,13335.38965,13449.2002,13449.2002,56681200
8/3/2022,13398.7002,13595.07031,13388.33984,13587.55957,13587.55957,63636000
8/4/2022,13629.7002,13792.87988,13628.57031,13662.67969,13662.67969,64719800
8/5/2022,13642.91016,13693.33984,13562.62012,13573.92969,13573.92969,62482000
8/8/2022,13703.37988,13745.58984,13604.54981,13687.69043,13687.69043,51639200
8/9/2022,13703.37988,13745.58984,13514.70996,13534.96973,13534.96973,51015000
8/10/2022,13482.62988,13715.55957,13455.7002,13700.92969,13700.92969,56490500
8/11/2022,13747.07031,13763.25977,13661.16992,13694.50977,13694.50977,54583800
8/12/2022,13709.83008,13813.04981,13705.01953,13795.84961,13795.84961,58498800
8/15/2022,13847.87988,13857.98047,13736,13816.61035,13816.61035,37843500
8/16/2022,13849.62012,13947.84961,13824.96973,13910.12012,13910.12012,50947100
8/17/2022,13928.12012,13930.57031,13610.44043,13626.70996,13626.70996,57254300
8/18/2022,13653.82031,13775.66016,13638.16016,13697.41016,13697.41016,47668000
8/19/2022,13591.24023,13660.33984,13525.69043,13544.51953,13544.51953,65997300
8/22/2022,13471.44043,13510.29004,13189.26953,13230.57031,13230.57031,68371700
8/23/2022,13163.51953,13298.25977,13156.44043,13194.23047,13194.23047,53963000
8/24/2022,13131.12012,13238.61035,13085.2002,13220.05957,13220.05957,46809500
8/25/2022,13328.49023,13364.54981,13210.99023,13271.95996,13271.95996,41621200
8/26/2022,13335.09961,13375.01953,12939.95996,12971.46973,12971.46973,67305400
8/29/2022,12838.41992,12942.45996,12758.44043,12892.99023,12892.99023,54303000
8/30/2022,12919.42969,13154.15039,12885.08008,12961.13965,12961.13965,62479300
8/31/2022,13018.48047,13020.54004,12814.80957,12834.95996,12834.95996,82999700
9/1/2022,12713.75,12743.04981,12603.58008,12630.23047,12630.23047,61602700
9/2/2022,12768.44043,13051.57031,12736.00977,13050.26953,13050.26953,67336800
9/5/2022,12827.58008,12827.58008,12617.40039,12760.78027,12760.78027,62869400
9/6/2022,12807.26953,12927.79004,12760.04004,12871.44043,12871.44043,53636500
9/7/2022,12770.71973,12953.99023,12736.08984,12915.96973,12915.96973,67128300
9/8/2022,12985.61035,13008.82031,12688.87012,12904.32031,12904.32031,71242600
9/9/2022,12926.15039,13121.12988,12925.57031,13088.20996,13088.20996,67719300
9/12/2022,13171.91992,13441.54004,13165.78027,13402.26953,13402.26953,67046400
9/13/2022,13450.38965,13564.83008,13183.19043,13188.9502,13188.9502,68434200
9/14/2022,13131.33984,13192.82031,12952.08984,13028,13028,62448700
9/15/2022,13040.36035,13111.37988,12927.2002,12956.66016,12956.66016,67761600
9/16/2022,12814.91992,12815.33008,12699.21973,12741.25977,12741.25977,148557300
9/19/2022,12685.29004,12866.7002,12606.63965,12803.24023,12803.24023,49575200
9/20/2022,12849.78027,12936.57031,12638.21973,12670.83008,12670.83008,62735600
9/21/2022,12555.30957,12771.78027,12520.80957,12767.15039,12767.15039,55268200
9/22/2022,12531.66016,12781.55957,12526.61035,12531.62988,12531.62988,66525600
9/23/2022,12506.63965,12521.25,12180.75977,12284.19043,12284.19043,86711600
9/26/2022,12231.83984,12368.49023,12184,12227.91992,12227.91992,67273900
9/27/2022,12332.84961,12414.08984,12139.67969,12139.67969,12139.67969,78962200
9/28/2022,12025.42969,12198.37012,11862.83984,12183.28027,12183.28027,96220900
9/29/2022,12143.20996,12147.30957,11866.98047,11975.54981,11975.54981,87998400
9/30/2022,12063.08984,12137.76953,11973.91016,12114.36035,12114.36035,89235000
10/3/2022,11951.83984,12227.87012,11893.94043,12209.48047,12209.48047,63674200
10/4/2022,12360.71973,12673.34961,12358.98047,12670.48047,12670.48047,80240300
10/5/2022,12611.07031,12661.87988,12455.36035,12517.17969,12517.17969,62392400
10/6/2022,12593.41016,12643.21973,12421.88965,12470.78027,12470.78027,53529600
10/7/2022,12414.78027,12497.51953,12272.58984,12273,12273,56973200
10/10/2022,12175.51953,12410.83008,12174.62988,12272.94043,12272.94043,68341800
10/11/2022,12168.66016,12258.15039,12097.67969,12220.25,12220.25,64611700
10/12/2022,12207.96973,12298.62012,12104.62012,12172.25977,12172.25977,67186400
10/13/2022,12114.23047,12379.24023,12000.42969,12355.58008,12355.58008,88446300
10/14/2022,12549.01953,12676.41992,12395.99023,12437.80957,12437.80957,82478300
10/17/2022,12467.54004,12716.80957,12398.04981,12649.03027,12649.03027,57195500
10/18/2022,12788.53027,12931.75977,12746.36035,12765.61035,12765.61035,65991900
10/19/2022,12817.62988,12819.11035,12705.25977,12741.41016,12741.41016,63632000
10/20/2022,12685.16016,12818.33984,12628.78027,12767.41016,12767.41016,52824400
10/21/2022,12641.12012,12775.51953,12548.15039,12730.90039,12730.90039,82221400
10/24/2022,12868.76953,13020.4502,12747.37988,12931.4502,12931.4502,62919300
10/25/2022,12965.19043,13053.24023,12789.25977,13052.95996,13052.95996,69239900
10/26/2022,13054.49023,13203.24023,13023.40039,13195.80957,13195.80957,65691700
10/27/2022,13152.99023,13259.49023,13062.04004,13211.23047,13211.23047,72246300
10/28/2022,13072.91992,13250.66016,13051.25,13243.33008,13243.33008,64191000
10/31/2022,13254.30957,13307.08984,13216.48047,13253.74023,13253.74023,59049500
11/1/2022,13344.84961,13444.07031,13287.07031,13338.74023,13338.74023,51443700
11/2/2022,13369.33008,13398.63965,13255.07031,13256.74023,13256.74023,54426400
11/3/2022,13130.96973,13194.32031,13022.63965,13130.19043,13130.19043,52294100
11/4/2022,13201.24023,13542.34961,13193.50977,13459.84961,13459.84961,76643400
11/7/2022,13398.79004,13611.29981,13391,13533.51953,13533.51953,56990600
11/8/2022,13506.65039,13689.61035,13487.91016,13688.75,13688.75,60728100
11/9/2022,13653.98047,13691.12012,13557.08008,13666.32031,13666.32031,64013300
11/10/2022,13603.79004,14157.25,13599.34961,14146.08984,14146.08984,114862700
11/11/2022,14179.38965,14263.53027,14172.46973,14224.86035,14224.86035,103682300
11/14/2022,14295.80957,14431.17969,14243.34961,14313.29981,14313.29981,72405100
11/15/2022,14372.41992,14440.78027,14266.41992,14378.50977,14378.50977,77960600
11/16/2022,14374.86035,14382.62012,14195.30957,14234.03027,14234.03027,76202800
11/17/2022,14348.45996,14384.54004,14149.7002,14266.37988,14266.37988,58048700
11/18/2022,14320.61035,14457.75977,14300.20996,14431.86035,14431.86035,93252600
11/21/2022,14395.53027,14425.9502,14321.83984,14379.92969,14379.92969,48082900
11/22/2022,14352.54004,14485.49023,14343.79981,14422.34961,14422.34961,50364700
11/23/2022,14438.2002,14446.33008,14363.50977,14427.58984,14427.58984,51115900
11/24/2022,14456.15039,14570.70996,14447.54981,14539.55957,14539.55957,50503400
11/25/2022,14547.58008,14571.66016,14498.04981,14541.37988,14541.37988,46218800
11/28/2022,14471.09961,14514.73047,14374.15039,14383.36035,14383.36035,53336900
11/29/2022,14404.66992,14429.87012,14327.04004,14355.4502,14355.4502,51089400
11/30/2022,14429.21973,14487.7002,14363.32031,14397.04004,14397.04004,97644000
12/1/2022,14543.79981,14563.7002,14423.79004,14490.29981,14490.29981,61595900
12/2/2022,14465.7002,14584.58984,14372.41992,14529.38965,14529.38965,55190800
12/5/2022,14487.42969,14507.16016,14394.37012,14447.61035,14447.61035,50074900
12/6/2022,14406.87012,14471.5,14305.25977,14343.19043,14343.19043,50930900
12/7/2022,14304.9502,14372.34961,14218.17969,14261.19043,14261.19043,52784800
12/8/2022,14277.75,14298.80957,14196.76953,14264.55957,14264.55957,47362200
12/9/2022,14325.79981,14385.57031,14217.95996,14370.71973,14370.71973,52573000
12/12/2022,14300.42969,14366.38965,14262.59961,14306.62988,14306.62988,46459100
12/13/2022,14345.87988,14675.83984,14302.49023,14497.88965,14497.88965,68062200
12/14/2022,14453.54004,14470.74023,14375.9502,14460.2002,14460.2002,59754000
12/15/2022,14351.30957,14363.12012,13982.58984,13986.23047,13986.23047,87474200
12/16/2022,13978.44043,14011.25977,13815.24023,13893.07031,13893.07031,168807500
12/19/2022,13934.75,14001.37012,13927.04981,13942.87012,13942.87012,48853600
12/20/2022,13829.90039,13931.29004,13791.51953,13884.66016,13884.66016,56020300
12/21/2022,13944.69043,14099.75,13912.16992,14097.82031,14097.82031,44585400
12/22/2022,14113.00977,14160.87012,13890.54004,13914.07031,13914.07031,42893400
12/23/2022,13945.58984,14000.67969,13874.5,13940.92969,13940.92969,28738700
12/27/2022,14047.41992,14063.13965,13966.34961,13995.09961,13995.09961,22975000
12/28/2022,14013.71973,14018.46973,13914.62012,13925.59961,13925.59961,27583800
12/29/2022,13890.80957,14071.71973,13871.32031,14071.71973,14071.71973,30727400
12/30/2022,14005.83984,14008.96973,13922.54981,13923.58984,13923.58984,24346600
1/2/2023,13992.70996,14095.91016,13976.44043,14069.25977,14069.25977,34978500
1/3/2023,14116.07031,14293.87012,14083.75977,14181.66992,14181.66992,57907500
1/4/2023,14266.98047,14492.78027,14264.59961,14490.78027,14490.78027,76221600
1/5/2023,14451.23047,14501.59961,14403.73047,14436.30957,14436.30957,60947500
1/6/2023,14476.71973,14610.23047,14388.98047,14610.01953,14610.01953,55433700
1/9/2023,14650.73047,14832.88965,14628.61035,14792.83008,14792.83008,64976500
1/10/2023,14741.96973,14790.82031,14692.74023,14774.59961,14774.59961,57438600
1/11/2023,14805.40039,14965.46973,14794.99023,14947.91016,14947.91016,66367800
1/12/2023,14972.28027,15095.03027,14934.50977,15058.29981,15058.29981,65971500
1/13/2023,15063.20996,15132.37012,15041.16016,15086.51953,15086.51953,66451100
1/16/2023,15112.04981,15153.19043,15083.94043,15134.04004,15134.04004,42102700
1/17/2023,15130.03027,15269.70996,15083.9502,15187.07031,15187.07031,57914400
1/18/2023,15182.9502,15250.36035,15156.88965,15181.79981,15181.79981,58258000
1/19/2023,15115.54981,15134.07031,14906.26953,14920.36035,14920.36035,64167400
1/20/2023,14986.51953,15034.42969,14940.67969,15033.55957,15033.55957,64031100
1/23/2023,15077.40039,15145.90039,15022.83008,15102.9502,15102.9502,39903900
1/24/2023,15140.5,15147.4502,15022.54981,15093.11035,15093.11035,48335400
1/25/2023,15095.71973,15114.41016,14969.65039,15081.63965,15081.63965,53589900
1/26/2023,15146.29004,15151.54004,15068.71973,15132.84961,15132.84961,62001200
1/27/2023,15115.75,15186.49023,15077.62012,15150.03027,15150.03027,55135800
1/30/2023,15070.29981,15161.07031,14988.98047,15126.08008,15126.08008,54664400
1/31/2023,15081.16992,15136.21973,14993.58984,15128.26953,15128.26953,57047200
2/1/2023,15125.12012,15222.33984,15107.83008,15180.74023,15180.74023,57095200
2/2/2023,15275,15520.96973,15264.30957,15509.19043,15509.19043,122979300
2/3/2023,15408.40039,15476.66992,15347.86035,15476.42969,15476.42969,76253700
2/6/2023,15367.04004,15406.92969,15275.57031,15345.91016,15345.91016,54430400
2/7/2023,15359.58984,15363.41016,15273.59961,15320.87988,15320.87988,56184100
2/8/2023,15450.66992,15486.12988,15371.92969,15412.04981,15412.04981,61344800
2/9/2023,15560.15039,15658.55957,15519.62988,15523.41992,15523.41992,66247500
2/10/2023,15438.94043,15487.98047,15246.38965,15307.98047,15307.98047,65755600
2/13/2023,15322.05957,15409.26953,15305.94043,15397.33984,15397.33984,38580400
2/14/2023,15419,15526.28027,15366.37012,15380.55957,15380.55957,56427200
2/15/2023,15394.44043,15520.38965,15388.84961,15506.33984,15506.33984,49065600
2/16/2023,15612.42969,15634.04004,15417.16992,15533.63965,15533.63965,66113500
2/17/2023,15372.05957,15514.71973,15300.41992,15482,15482,70462400
2/20/2023,15524.16016,15532.44043,15436.79004,15477.54981,15477.54981,33610800
2/21/2023,15450.62012,15470.51953,15286.70996,15397.62012,15397.62012,47050500
2/22/2023,15342.59961,15408.58008,15247.5,15399.88965,15399.88965,54879700
2/23/2023,15453.29004,15552.76953,15433.96973,15475.69043,15475.69043,51347600
2/24/2023,15501.82031,15530.45996,15162.48047,15209.74023,15209.74023,141484400
2/27/2023,15351.62988,15481.05957,15351.62988,15381.42969,15381.42969,58764200
2/28/2023,15299.79004,15443.16992,15289.42969,15365.13965,15365.13965,93757000
3/1/2023,15399.91016,15478.83984,15254.11035,15305.01953,15305.01953,72243100
3/2/2023,15171.07031,15329.29004,15150.66992,15327.63965,15327.63965,62593100
3/3/2023,15430.66016,15590.44043,15409.99023,15578.38965,15578.38965,67122500
3/6/2023,15597.90039,15677.92969,15587.78027,15653.58008,15653.58008,69392600
3/7/2023,15638.44043,15706.37012,15544.07031,15559.53027,15559.53027,68603300
3/8/2023,15528.80957,15667.20996,15524.84961,15631.87012,15631.87012,64604200
3/9/2023,15619.75,15667.04981,15535.12988,15633.20996,15633.20996,59687500
3/10/2023,15369.66992,15495.87012,15316.37988,15427.96973,15427.96973,114116400
3/13/2023,15435.16016,15435.80957,14887.44043,14959.46973,14959.46973,157697900
3/14/2023,15016.53027,15272.11035,14951.70996,15232.83008,15232.83008,101464500
3/15/2023,15175.44043,15246.16992,14702.91016,14735.25977,14735.25977,157452200
3/16/2023,14973.83984,15018.30957,14664.16992,14967.09961,14967.09961,141054600
3/17/2023,15073.75977,15153.11035,14694.25977,14768.2002,14768.2002,217024000
3/20/2023,14715.40039,14980.42969,14458.38965,14933.37988,14933.37988,125262600
3/21/2023,15062.05957,15253.09961,15055.92969,15195.33984,15195.33984,94322300
3/22/2023,15174.66992,15298.49023,15166.9502,15216.19043,15216.19043,82685900
3/23/2023,15178.25,15244.32031,15078.71973,15210.38965,15210.38965,82739800
3/24/2023,15135.5,15135.65039,14809.82031,14957.23047,14957.23047,181078000
3/27/2023,15133.67969,15185.34961,15020.07031,15127.67969,15127.67969,90911900
3/28/2023,15255.92969,15261.49023,15103.75977,15142.01953,15142.01953,73013800
3/29/2023,15242.51953,15342.26953,15186.75,15328.78027,15328.78027,81824600
3/30/2023,15429.37988,15536.41992,15424.69043,15522.40039,15522.40039,77412500
3/31/2023,15568.37012,15659.05957,15499.83984,15628.83984,15628.83984,86968700
4/3/2023,15623.4502,15659.34961,15553.90039,15580.91992,15580.91992,70893100
4/4/2023,15639.01953,15736.55957,15601.40039,15603.46973,15603.46973,64484200
4/5/2023,15611.67969,15627.29004,15482.87988,15520.16992,15520.16992,78217100
4/6/2023,15530.2002,15601.49023,15509.08984,15597.88965,15597.88965,62790900
4/11/2023,15710.4502,15726.01953,15625.79004,15655.16992,15655.16992,63070200
4/12/2023,15689.13965,15827.28027,15668.2002,15703.59961,15703.59961,65206700
4/13/2023,15708.20996,15754.99023,15675.15039,15729.45996,15729.45996,53361500
4/14/2023,15789.78027,15841.46973,15760.32031,15807.5,15807.5,78563300
4/17/2023,15838.88965,15903.25,15764.37988,15789.53027,15789.53027,60200000
4/18/2023,15841.5,15916.28027,15802.75,15882.66992,15882.66992,63384400
4/19/2023,15850.51953,15908.46973,15829.54981,15895.2002,15895.2002,55122300
4/20/2023,15864.15039,15883.30957,15734.25,15795.96973,15795.96973,74754500
4/21/2023,15782.58008,15899.62012,15706.83008,15881.66016,15881.66016,77403200
4/24/2023,15852.26953,15919.11035,15831.09961,15863.9502,15863.9502,50552200
4/25/2023,15836.79004,15891.73047,15794.80957,15872.12988,15872.12988,66489300
4/26/2023,15804.5,15826.01953,15694.36035,15795.73047,15795.73047,74374600
4/27/2023,15739.34961,15859.25,15706.69043,15800.4502,15800.4502,79622200
4/28/2023,15884.79004,15922.37988,15688.16992,15922.37988,15922.37988,91511200
5/2/2023,15950.36035,16011.55957,15707.54981,15726.94043,15726.94043,80224800
5/3/2023,15774.01953,15868.87988,15745.98047,15815.05957,15815.05957,61988400
5/4/2023,15781.45996,15796.70996,15662.32031,15734.24023,15734.24023,81687600
5/5/2023,15837.44043,15961.54004,15755.96973,15961.01953,15961.01953,69955200
5/8/2023,15967.57031,15996.16016,15933.69043,15952.83008,15952.83008,40927300
5/9/2023,15950.88965,15962.62012,15879.55957,15955.48047,15955.48047,60426400
5/10/2023,15973.37988,15984.82031,15848.69043,15896.23047,15896.23047,67473800
5/11/2023,15943.84961,15970.54004,15754.75977,15834.91016,15834.91016,67890500
5/12/2023,15918.25,15938.00977,15852.09961,15913.82031,15913.82031,62915400
5/15/2023,15966.95996,15982.09961,15874.24023,15917.24023,15917.24023,53099400
5/16/2023,15892.78027,15968.41016,15862.37012,15897.92969,15897.92969,63874300
5/17/2023,15883.61035,15992.76953,15862.15039,15951.29981,15951.29981,89827900
5/18/2023,16069.41992,16230.44043,16069.41992,16163.36035,16163.36035,73640100
5/19/2023,16233.11035,16331.94043,16203.59961,16275.37988,16275.37988,90102600
5/22/2023,16235.98047,16267.92969,16196.36035,16223.99023,16223.99023,54200300
5/23/2023,16186.44043,16224.32031,16143.98047,16152.86035,16152.86035,56755000
5/24/2023,16008.51953,16013.29004,15802.86035,15842.12988,15842.12988,65922900
5/25/2023,15872.45996,15872.59961,15726.5,15793.79981,15793.79981,66145400
5/26/2023,15850.08984,16008.58984,15726.74023,15983.96973,15983.96973,57308100
5/29/2023,16064.12988,16079.73047,15925.21973,15952.73047,15952.73047,24247000
5/30/2023,15962.30957,16058.42969,15889.45996,15908.91016,15908.91016,54563500
5/31/2023,15757.42969,15871.7002,15629.12012,15664.01953,15664.01953,172555100
6/1/2023,15744.00977,15863.41016,15734.86035,15853.66016,15853.66016,55198400
6/2/2023,15949.04004,16071.32031,15922.61035,16051.23047,16051.23047,96604000
6/5/2023,16079.86035,16114.83984,15928.44043,15963.88965,15963.88965,63777600
6/6/2023,15939.30957,16009.28027,15925.55957,15992.44043,15992.44043,52413000
6/7/2023,15998.09961,16020.28027,15909.84961,15960.55957,15960.55957,67870200
6/8/2023,15951.61035,16019,15913.9502,15989.95996,15989.95996,59532100
6/9/2023,15993.01953,15998.90039,15924.50977,15949.83984,15949.83984,58242200
6/12/2023,16052.91016,16126.29981,16021.54981,16097.87012,16097.87012,61393600
6/13/2023,16218.2002,16232.7002,16088.46973,16230.67969,16230.67969,72345000
6/14/2023,16219.08984,16336.26953,16217.4502,16310.79004,16310.79004,75755600
6/15/2023,16275.73047,16301.73047,16165.66016,16290.12012,16290.12012,80150500
6/16/2023,16306.62988,16427.41992,16276.79004,16357.62988,16357.62988,211233000
6/19/2023,16272.20996,16302.29004,16189.57031,16201.2002,16201.2002,52459700
6/20/2023,16100.29004,16184.29981,16069.09961,16111.32031,16111.32031,68396400
6/21/2023,16082.75,16145.29004,16002.26953,16023.12988,16023.12988,62212100
6/22/2023,15867.65039,15988.20996,15810.48047,15988.16016,15988.16016,65000700
6/23/2023,15862.79004,15917.13965,15733.12012,15829.94043,15829.94043,108856500
6/26/2023,15874.15039,15874.90039,15713.7002,15813.05957,15813.05957,72427600
6/27/2023,15873.73047,15895.7002,15758.12988,15846.86035,15846.86035,63273400
6/28/2023,15922.70996,15994.30957,15906.87988,15949,15949,69914300
6/29/2023,15960.46973,15998.66992,15920.04004,15946.71973,15946.71973,54568800
6/30/2023,15989.42969,16176.54981,15978.90039,16147.90039,16147.90039,85583300
7/3/2023,16187.91016,16209.29004,16070.49023,16081.04004,16081.04004,52047600
7/4/2023,16082.92969,16103.9502,16023.71973,16039.16992,16039.16992,42493900
7/5/2023,15930.16016,15982.95996,15901.38965,15937.58008,15937.58008,66456400
7/6/2023,15816.11035,15846.25,15495.83984,15528.54004,15528.54004,80363000
7/7/2023,15515,15661.41016,15456.16016,15603.40039,15603.40039,67259700
7/10/2023,15585.33984,15722.03027,15545.33008,15673.16016,15673.16016,53384600
7/11/2023,15716.25977,15807.66016,15659.09961,15790.33984,15790.33984,60828200
7/12/2023,15842.25977,16044.28027,15806.28027,16023,16023,72341400
7/13/2023,16009.25977,16185.11035,16000.37988,16141.03027,16141.03027,64992600
7/14/2023,16123.12988,16149.12012,16071.74023,16105.07031,16105.07031,61718900
7/17/2023,16013.51953,16102.50977,15995.4502,16068.65039,16068.65039,45553500
7/18/2023,16042.03027,16140.2002,16031.07031,16125.49023,16125.49023,56765300
7/19/2023,16190,16240.79004,16075.16992,16108.92969,16108.92969,62950200
7/20/2023,16059.21973,16211.42969,16050.98047,16204.21973,16204.21973,66295300
7/21/2023,16125.20996,16181.33984,16103.48047,16177.21973,16177.21973,69913700
7/24/2023,16126.70996,16208.75977,16121.26953,16190.9502,16190.9502,51532000
7/25/2023,16169.75,16225.88965,16135.59961,16211.58984,16211.58984,56468900
7/26/2023,16183.7002,16212.91016,16000.04004,16131.45996,16131.45996,76242600
7/27/2023,16162.16016,16408.80078,16131.63965,16406.0293,16406.0293,96512200
7/28/2023,16356.37988,16490.13086,16336.41992,16469.75,16469.75,70297300
7/31/2023,16434.66016,16528.9707,16427.4707,16446.83008,16446.83008,60748100
8/1/2023,16414.78906,16430.66016,16240.40039,16240.40039,16240.40039,63456600
8/2/2023,16027.65039,16140.75977,15955.30957,16020.01953,16020.01953,74404800
8/3/2023,15879.03027,15920.32031,15807.84961,15893.37988,15893.37988,82642000
8/4/2023,15917.00977,15973.95996,15784.51953,15951.86035,15951.86035,77046600
8/7/2023,15877.54004,15962.61035,15824.78027,15950.75977,15950.75977,68246900
8/8/2023,15868.30957,15946.57031,15706.30957,15774.92969,15774.92969,80939300
8/9/2023,15918.05957,15983.78027,15831.08008,15852.58008,15852.58008,65516200
8/10/2023,15921.41992,16060.26953,15880.41016,15996.51953,15996.51953,74907500
8/11/2023,15927.79004,15962.4502,15803.08008,15832.16992,15832.16992,60296700
8/14/2023,15818.20996,15937.78027,15817.58984,15904.25,15904.25,43608500
8/15/2023,15909.57031,15923.12988,15703.03027,15767.28027,15767.28027,45352200
8/16/2023,15737.01953,15814.66016,15725.09961,15789.4502,15789.4502,39651700
8/17/2023,15712.94043,15793.53027,15664.29981,15676.90039,15676.90039,48603400
8/18/2023,15597.12012,15612.87988,15468.65039,15574.25977,15574.25977,59909500
8/21/2023,15573.9502,15710.20996,15571.82031,15603.28027,15603.28027,45251100
8/22/2023,15684.63965,15799.33984,15677.44043,15705.62012,15705.62012,42807400
8/23/2023,15761.25,15820.9502,15672.42969,15728.41016,15728.41016,53425400
8/24/2023,15876.21973,15896.74023,15618.69043,15621.49023,15621.49023,48251600
8/25/2023,15582.9502,15739.78027,15578.96973,15631.82031,15631.82031,44315200
8/28/2023,15756.46973,15804.9502,15673.88965,15792.61035,15792.61035,43473300
8/29/2023,15844.75977,15942.12012,15805.41992,15930.87988,15930.87988,49760000
8/30/2023,15956.91992,15960.40039,15823.33008,15891.92969,15891.92969,49478600
8/31/2023,15937.38965,16042.66016,15914.42969,15947.08008,15947.08008,92766900
9/1/2023,15936.33984,15984.58984,15840.25,15840.33984,15840.33984,54045200
9/4/2023,15904.62988,15958.74023,15795.96973,15824.84961,15824.84961,34752500
9/5/2023,15729.78027,15838.44043,15691.49023,15771.70996,15771.70996,73334000
9/6/2023,15712.58984,15781.88965,15676.50977,15741.37012,15741.37012,63047100
9/7/2023,15661.66016,15794.71973,15661.37988,15718.66016,15718.66016,59410800
9/8/2023,15777.55957,15783.37988,15577.04004,15740.29981,15740.29981,63810400
9/11/2023,15799.41992,15867.57031,15771.07031,15800.99023,15800.99023,65431300
9/12/2023,15804.08008,15808.37988,15686.33984,15715.53027,15715.53027,58026400
9/13/2023,15648.91992,15726.59961,15564.63965,15654.03027,15654.03027,68861200
9/14/2023,15652.41016,15824.05957,15588.12012,15805.29004,15805.29004,77633300
9/15/2023,15940.38965,15989.29981,15871.16992,15893.53027,15893.53027,179829200
9/18/2023,15858.80957,15870.62012,15693.87012,15727.12012,15727.12012,58899600
9/19/2023,15688.07031,15743.90039,15630.94043,15664.48047,15664.48047,53581800
9/20/2023,15703.08984,15810.36035,15699.33984,15781.58984,15781.58984,54733100
9/21/2023,15650.98047,15696.66016,15548.69043,15571.86035,15571.86035,65995100
9/22/2023,15473.79981,15592.26953,15471.75,15557.29004,15557.29004,70200200
9/25/2023,15513.32031,15572.13965,15329.40039,15405.49023,15405.49023,64522900
9/26/2023,15330.91016,15360.42969,15229.34961,15255.87012,15255.87012,69660000
9/27/2023,15225.58008,15299.67969,15194.67969,15217.4502,15217.4502,72319500
9/28/2023,15229.09961,15323.73047,15138.66016,15323.5,15323.5,60119100
9/29/2023,15394.82031,15515.99023,15382.55957,15386.58008,15386.58008,110121500
10/2/2023,15439.95996,15476.37988,15192.00977,15247.20996,15247.20996,61416800
10/3/2023,15184.49023,15257.86035,15074.84961,15085.20996,15085.20996,64881000
10/4/2023,14979.80957,15174.62988,14948.08008,15099.91992,15099.91992,75006400
10/5/2023,15113.94043,15157.7002,15048.41992,15070.21973,15070.21973,47650800
10/6/2023,15109.16016,15230.88965,15033.54981,15229.76953,15229.76953,65528500
10/9/2023,15143.29004,15201.05957,15077.66016,15128.11035,15128.11035,52471000
10/10/2023,15272.57031,15443.4502,15272.57031,15423.51953,15423.51953,62641300
10/11/2023,15366.78027,15486.11035,15361.74023,15460.00977,15460.00977,65776100
10/12/2023,15537.87012,15575.28027,15413.2002,15425.03027,15425.03027,52453700
10/13/2023,15400.08984,15409.88965,15178.07031,15186.66016,15186.66016,63240100
10/16/2023,15219.41992,15271.50977,15103.12012,15237.99023,15237.99023,55502000
10/17/2023,15211.29004,15288.32031,15117.24023,15251.69043,15251.69043,49443000
10/18/2023,15244.04981,15271.15039,15081.69043,15094.91016,15094.91016,62492400
10/19/2023,15060.65039,15104.37012,14984.58984,15045.23047,15045.23047,69923300
10/20/2023,14872.01953,14936.49023,14798.46973,14798.46973,14798.46973,90638400
10/23/2023,14823.03027,14838.00977,14630.20996,14800.71973,14800.71973,61261000
10/24/2023,14802.51953,14916.59961,14750.32031,14879.94043,14879.94043,62022100
10/25/2023,14870.62988,14933.69043,14789.62988,14892.17969,14892.17969,88086100
10/26/2023,14696.21973,14795.41016,14655.08008,14731.04981,14731.04981,121803600
10/27/2023,14757.11035,14824.29004,14667.37012,14687.41016,14687.41016,86539200
10/30/2023,14770.9502,14798,14678.73047,14716.54004,14716.54004,76179000
10/31/2023,14741.44043,14829.62012,14722.37988,14810.33984,14810.33984,75370200
11/1/2023,14851.95996,14949.58008,14786.32031,14923.26953,14923.26953,63588700
11/2/2023,15033.65039,15202.42969,15028.03027,15143.59961,15143.59961,89446500
11/3/2023,15203.79981,15269.5,15149.71973,15189.25,15189.25,93603800
11/6/2023,15219.32031,15223.41016,15110.83984,15135.96973,15135.96973,59212500
11/7/2023,15084.79004,15194.53027,15068.25,15152.63965,15152.63965,62049600
11/8/2023,15093.48047,15287.73047,15086.41016,15229.59961,15229.59961,107586700
11/9/2023,15246.5,15364.49023,15212.99023,15352.54004,15352.54004,68377100
11/10/2023,15296.58008,15309.51953,15171.58008,15234.38965,15234.38965,77014100
11/13/2023,15285.12012,15346.79004,15252.26953,15345,15345,65170400
11/14/2023,15358.58984,15632.44043,15337.59961,15614.42969,15614.42969,98894400
11/15/2023,15631.66992,15759.83984,15628.19043,15748.16992,15748.16992,91670700
11/16/2023,15806.91016,15862.08984,15783.50977,15786.61035,15786.61035,68438900
11/17/2023,15828.78027,15952.4502,15826.66992,15919.16016,15919.16016,81125800
11/20/2023,15915.24023,15929.92969,15854.82031,15901.33008,15901.33008,93605500
11/21/2023,15911.01953,15948.07031,15891.30957,15900.53027,15900.53027,70926900
11/22/2023,15965.12988,15998.41016,15931.74023,15957.82031,15957.82031,58757800
11/23/2023,15976.62012,16005.4502,15958.05957,15994.73047,15994.73047,38717400
11/24/2023,15988.19043,16041.16992,15972.66992,16029.49023,16029.49023,46227600
11/27/2023,16007.25977,16039.41992,15957.95996,15966.37012,15966.37012,50564800
11/28/2023,15939.19043,15993.41992,15915.40039,15992.66992,15992.66992,60601100
11/29/2023,16013.16016,16208.96973,16010.48047,16166.4502,16166.4502,69366600
11/30/2023,16204.74023,16262.95996,16169.11035,16215.42969,16215.42969,108532100
12/1/2023,16296.91992,16399.06055,16279.4502,16397.51953,16397.51953,68139400
12/4/2023,16390.16992,16455.67969,16386.80078,16404.75977,16404.75977,52149300
12/5/2023,16405.14063,16551.33984,16394.01953,16533.10938,16533.10938,63916000
12/6/2023,16565.65039,16727.07031,16536.11914,16656.43945,16656.43945,78581700
12/7/2023,16623.89063,16655.30078,16595.10938,16628.99023,16628.99023,76803200
12/8/2023,16644.61914,16782.7207,16630.17969,16759.2207,16759.2207,77814500
12/11/2023,16760.58984,16817.81055,16734.26953,16794.42969,16794.42969,66736100
12/12/2023,16823.00977,16837.17969,16753.81055,16791.74023,16791.74023,67862500
12/13/2023,16811.56055,16836.44922,16760.11914,16766.05078,16766.05078,65413500
12/14/2023,16948.78906,17003.2793,16670.34961,16752.23047,16752.23047,141290100
12/15/2023,16822.5,16890.10938,16713.69922,16751.43945,16751.43945,173711500
12/18/2023,16683.68945,16744.26953,16624.65039,16650.55078,16650.55078,56720400
12/19/2023,16657.43945,16750.50977,16656.64063,16744.41016,16744.41016,59217500
12/20/2023,16779.41016,16789.96094,16694.56055,16733.05078,16733.05078,63366400
12/21/2023,16667.31055,16708.34961,16624.16016,16687.41992,16687.41992,57871300
12/22/2023,16673.30078,16735.32031,16651.7793,16706.17969,16706.17969,46295300
12/27/2023,16727.76953,16775.71094,16697.58008,16742.07031,16742.07031,37678900
12/28/2023,16780.94922,16783.78906,16688.51953,16701.55078,16701.55078,36091600
12/29/2023,16729.25977,16758.5293,16726.9707,16751.64063,16751.64063,26861900
